{
  "spritemap": {
    "SFX 1": {
      "start": 0,
      "end": 1.306122
    },
    "SFX 2": {
      "start": 1.515488,
      "end": 4.290272
    },
    "SFX 3": {
      "start": 4.540272,
      "end": 7.315057
    },
    "SFX 4": {
      "start": 7.565057,
      "end": 8.749274
    },
    "SFX 5": {
      "start": 8.999274,
      "end": 10.102222
    },
    "SFX 6": {
      "start": 10.352222,
      "end": 11.46678
    },
    "SFX 7": {
      "start": 11.71678,
      "end": 12.993878
    },
    "SFX 8": {
      "start": 13.243878,
      "end": 14.439705
    },
    "SFX 9": {
      "start": 14.689705,
      "end": 16.013243
    },
    "SFX 10": {
      "start": 16.263243,
      "end": 18.051179
    },
    "SFX 11": {
      "start": 18.301179,
      "end": 19.346077
    },
    "SFX 12": {
      "start": 19.596077,
      "end": 21.163424
    },
    "SFX 13": {
      "start": 21.413424,
      "end": 22.516372
    },
    "SFX 14": {
      "start": 22.766372,
      "end": 24.449819
    },
    "SFX 15": {
      "start": 24.699819,
      "end": 25.802766
    },
    "SFX 16": {
      "start": 26.052766,
      "end": 27.155714
    },
    "SFX 17": {
      "start": 27.405714,
      "end": 28.671202
    },
    "SFX 18": {
      "start": 28.921202,
      "end": 30.384059
    },
    "SFX 19": {
      "start": 30.634059,
      "end": 32.700635
    },
    "SFX 20": {
      "start": 32.950635,
      "end": 34.100023
    },
    "SFX 21": {
      "start": 34.350023,
      "end": 35.52263
    },
    "SFX 22": {
      "start": 35.77263,
      "end": 36.933628
    },
    "SFX 23": {
      "start": 37.183628,
      "end": 38.344626
    },
    "SFX 24": {
      "start": 38.594626,
      "end": 39.767234
    },
    "SFX 25": {
      "start": 40.017234,
      "end": 41.189841
    },
    "SFX 26": {
      "start": 41.439841,
      "end": 42.612449
    },
    "SFX 27": {
      "start": 42.862449,
      "end": 44.035057
    },
    "SFX 28": {
      "start": 44.285057,
      "end": 45.596984
    },
    "SFX 29": {
      "start": 45.846984,
      "end": 47.042812
    },
    "SFX 30": {
      "start": 47.292812,
      "end": 48.488639
    },
    "SFX 31": {
      "start": 48.738639,
      "end": 50.201497
    },
    "SFX 32": {
      "start": 50.451497,
      "end": 52.076893
    },
    "SFX 33": {
      "start": 52.326893,
      "end": 54.451519
    },
    "SFX 34": {
      "start": 54.701519,
      "end": 55.897347
    },
    "SFX 35": {
      "start": 56.147347,
      "end": 57.343175
    },
    "SFX 36": {
      "start": 57.593175,
      "end": 60.484059
    }
  },
  "resources": [
    "sfx.wav",
    "sfx.ogg",
    "sfx.mp3"
  ]
}